id,first_name,last_name,company_name,web
138b20d9-7c9b-45a5-9f1a-4f7ab86ce265,James,Butt,"Benton, John B Jr",http://www.bentonjohnbjr.com
7413d3fa-19ad-4d03-b423-17263d2f70c9,Josephine,Darakjy,"Chanay, Jeffrey A Esq",http://www.chanayjeffreyaesq.com
700f1122-89e1-4f6a-aa45-eeb229a53997,Art,Venere,"Chemel, James L Cpa",http://www.chemeljameslcpa.com
a9e76ce5-8f1b-40dc-a2d9-435d29390185,Lenna,Paprocki,Feltz Printing Service,http://www.feltzprintingservice.com
f9334eb4-a51f-4224-b9c1-33b7a05be29b,Donette,Foller,Printing Dimensions,http://www.printingdimensions.com
dbc7311d-98c5-4270-b0a0-e2d47391073b,Simona,Morasca,"Chapman, Ross E Esq",http://www.chapmanrosseesq.com
bec07258-ff08-40ad-8b5c-18a0fb42eef4,Mitsue,Tollner,Morlong Associates,http://www.morlongassociates.com
4678fc5f-7d94-4fea-a919-e8e9ff097f83,Leota,Dilliard,Commercial Press,http://www.commercialpress.com
281f6d4a-557f-4b57-9bf4-a9809d44ec95,Sage,Wieser,Truhlar And Truhlar Attys,http://www.truhlarandtruhlarattys.com
86e34783-dbb1-4119-a30e-0e709d3a70bb,Kris,Marrier,"King, Christopher A Esq",http://www.kingchristopheraesq.com
fb32a0a2-e3bb-473a-a785-5c04cdde93fb,Minna,Amigon,"Dorl, James J Esq",http://www.dorljamesjesq.com
5e05e1de-c7b2-447f-b7f7-c40a1c93f59d,Abel,Maclead,Rangoni Of Florence,http://www.rangoniofflorence.com
dd80991d-f862-4779-b8f1-3f451f6df02c,Kiley,Caldarera,Feiner Bros,http://www.feinerbros.com
babf40e9-bff0-4ba5-82ec-769ba70f1956,Graciela,Ruta,Buckley Miller & Wright,http://www.buckleymillerwright.com
2725a407-de99-446e-afed-5f5574db418e,Cammy,Albares,"Rousseaux, Michael Esq",http://www.rousseauxmichaelesq.com
f54685d3-c7fa-40a6-87b9-30b97fb27992,Mattie,Poquette,Century Communications,http://www.centurycommunications.com
3b48f481-a62a-4108-8789-345685e2c67e,Meaghan,Garufi,"Bolton, Wilbur Esq",http://www.boltonwilburesq.com
7d923c7a-e76c-49ba-a679-a58432e35c3b,Gladys,Rim,T M Byxbee Company Pc,http://www.tmbyxbeecompanypc.com
3fe4e9dc-d356-48be-b921-93eedea91175,Yuki,Whobrey,Farmers Insurance Group,http://www.farmersinsurancegroup.com
bcda638c-c8aa-415b-91a6-fed937b9d4a1,Fletcher,Flosi,Post Box Services Plus,http://www.postboxservicesplus.com
a33b256a-00c5-4ce8-9be3-d7664f655928,Bette,Nicka,Sport En Art,http://www.sportenart.com
6a1dff44-a0aa-429f-b973-2c679536e4a1,Veronika,Inouye,C 4 Network Inc,http://www.cnetworkinc.com
d88160a5-b5fb-4b00-b5f9-800ca69163c6,Willard,Kolmetz,"Ingalls, Donald R Esq",http://www.ingallsdonaldresq.com
6ad19887-0fa5-4538-a00e-5e04c1a7cc03,Maryann,Royster,"Franklin, Peter L Esq",http://www.franklinpeterlesq.com
4efb1625-accb-4966-99bf-3b5e5018d481,Alisha,Slusarski,Wtlz Power 107 Fm,http://www.wtlzpowerfm.com
bae1522a-8c4a-427b-b825-5d547f761624,Allene,Iturbide,"Ledecky, David Esq",http://www.ledeckydavidesq.com
b1ad9ab5-b55a-471f-9d8f-9bd522f5bdc7,Chanel,Caudy,Professional Image Inc,http://www.professionalimageinc.com
c6f3e7e7-2be5-4fca-b841-fffe4e566ef7,Ezekiel,Chui,"Sider, Donald C Esq",http://www.siderdonaldcesq.com
29d9f90e-6499-434c-8e16-d7fee57752e0,Willow,Kusko,U Pull It,http://www.upullit.com
63728146-1de8-4e07-b5ae-5372673a67bb,Bernardo,Figeroa,"Clark, Richard Cpa",http://www.clarkrichardcpa.com
b31d4f4b-6b9a-4c7d-ac17-0c0aa74aaaf2,Ammie,Corrio,"Moskowitz, Barry S",http://www.moskowitzbarrys.com
411da556-f471-4ce4-8a9e-0cc7809777ca,Francine,Vocelka,Cascade Realty Advisors Inc,http://www.cascaderealtyadvisorsinc.com
dee52f02-0197-4584-bce2-8c22ff9192bb,Ernie,Stenseth,Knwz Newsradio,http://www.knwznewsradio.com
960db418-4122-4629-b95c-3e00808294cc,Albina,Glick,"Giampetro, Anthony D",http://www.giampetroanthonyd.com
addbd8f1-ffd6-43e5-8888-2e15a0326f9c,Alishia,Sergi,Milford Enterprises Inc,http://www.milfordenterprisesinc.com
975c0f51-8669-44d9-a99e-ec786b00754e,Solange,Shinko,"Mosocco, Ronald A",http://www.mosoccoronalda.com
8a156e48-5c71-478b-b5ce-4b336afb7e7e,Jose,Stockham,Tri State Refueler Co,http://www.tristaterefuelerco.com
142a7c26-47c5-4d44-96d9-93b6fbf8095a,Rozella,Ostrosky,Parkway Company,http://www.parkwaycompany.com
21012fa9-f7ae-4740-9929-5e78e4c03f41,Valentine,Gillian,Fbs Business Finance,http://www.fbsbusinessfinance.com
021b2e26-cb43-4fc8-b734-9f1fd345d2a0,Kati,Rulapaugh,Eder Assocs Consltng Engrs Pc,http://www.ederassocsconsltngengrspc.com
acea702f-6a01-431b-a743-b5bb955fc090,Youlanda,Schemmer,Tri M Tool Inc,http://www.trimtoolinc.com
a6197e9b-4220-4b6d-b1b2-1b9582fb13c5,Dyan,Oldroyd,International Eyelets Inc,http://www.internationaleyeletsinc.com
0db7c1b4-26a5-489a-b91b-b2b064953912,Roxane,Campain,Rapid Trading Intl,http://www.rapidtradingintl.com
1830132f-2e43-4f28-a0d4-7f089485e7d5,Lavera,Perin,Abc Enterprises Inc,http://www.abcenterprisesinc.com
473eaedc-3da8-4c9f-950d-9c6d448af77d,Erick,Ferencz,Cindy Turner Associates,http://www.cindyturnerassociates.com
f485bd06-1c06-4ebe-87e9-1b7730d45d86,Fatima,Saylors,"Stanton, James D Esq",http://www.stantonjamesdesq.com
22f4ed13-a271-4cb8-b1e4-dc4c921eed7e,Jina,Briddick,Grace Pastries Inc,http://www.gracepastriesinc.com
e4300b5f-bc3b-4314-bae7-5bff8f3b6bce,Kanisha,Waycott,"Schroer, Gene E Esq",http://www.schroergeneeesq.com
faebf06a-9fca-4eae-9c75-74bed8f0072e,Emerson,Bowley,Knights Inn,http://www.knightsinn.com
658b12b3-e456-48e4-b2a1-f72fb3243ab1,Blair,Malet,Bollinger Mach Shp & Shipyard,http://www.bollingermachshpshipyard.com
c1eea02c-def2-4292-9b5b-2436ce7a1be7,Brock,Bolognia,Orinda News,http://www.orindanews.com
d45c3e5a-9bab-40da-a222-3d65c1bc4705,Lorrie,Nestle,Ballard Spahr Andrews,http://www.ballardspahrandrews.com
c25221a0-e53c-4ad0-8223-f38144d947ca,Sabra,Uyetake,Lowy Limousine Service,http://www.lowylimousineservice.com
44b62ff7-1946-432c-938e-3018b037ffcd,Marjory,Mastella,Vicon Corporation,http://www.viconcorporation.com
70c2e6f3-50c2-4619-ad43-d12f16ca448a,Karl,Klonowski,"Rossi, Michael M",http://www.rossimichaelm.com
16f1acd8-9685-4d5c-a8ef-6f08a776f4cb,Tonette,Wenner,Northwest Publishing,http://www.northwestpublishing.com
3ad7deb4-9f71-49b4-8cc8-3575f2e92ffa,Amber,Monarrez,Branford Wire & Mfg Co,http://www.branfordwiremfgco.com
40479913-7e03-4e74-bdf9-0690e1b9fbfd,Shenika,Seewald,East Coast Marketing,http://www.eastcoastmarketing.com
52e143da-6902-4022-bebb-5780155e3091,Delmy,Ahle,Wye Technologies Inc,http://www.wyetechnologiesinc.com
526ea4c6-3d96-4dd9-881d-a4a921896ec6,Deeanna,Juhas,"Healy, George W Iv",http://www.healygeorgewiv.com
04a14790-1363-4f8c-a5d0-aac0bbec47aa,Blondell,Pugh,Alpenlite Inc,http://www.alpenliteinc.com
0ada82ea-3312-4835-8308-85e39e9bea5f,Jamal,Vanausdal,"Hubbard, Bruce Esq",http://www.hubbardbruceesq.com
0ead224e-5e34-487b-9a90-5196c09b14e4,Cecily,Hollack,Arthur A Oliver & Son Inc,http://www.arthuraoliversoninc.com
71828e58-9f04-45b4-924c-8f6295d1d505,Carmelina,Lindall,George Jessop Carter Jewelers,http://www.georgejessopcarterjewelers.com
6cc456e4-8bbf-428a-8278-569a2e611c2d,Maurine,Yglesias,"Schultz, Thomas C Md",http://www.schultzthomascmd.com
a70ef5a9-dc4f-4460-ae21-c81517d35cdf,Tawna,Buvens,H H H Enterprises Inc,http://www.hhhenterprisesinc.com
ac9c2afc-a744-4cc5-a718-df270d094d98,Penney,Weight,Hawaiian King Hotel,http://www.hawaiiankinghotel.com
dc3c62a8-82a0-45eb-bb78-969ba51c6c3c,Elly,Morocco,Killion Industries,http://www.killionindustries.com
a87e1812-0e0e-46ad-9ea1-c64eb2863952,Ilene,Eroman,"Robinson, William J Esq",http://www.robinsonwilliamjesq.com
67cfecdd-1ed6-41d5-8dd8-4888d58dc518,Vallie,Mondella,Private Properties,http://www.privateproperties.com
f1e64fac-38d5-4f64-be6e-41f58f0a6a29,Kallie,Blackwood,Rowley Schlimgen Inc,http://www.rowleyschlimgeninc.com
49d19c22-33b2-4270-bfbf-ddc2c7f2705f,Johnetta,Abdallah,Forging Specialties,http://www.forgingspecialties.com
2003909e-2918-45b4-b6ed-860e2ebb0196,Bobbye,Rhym,"Smits, Patricia Garity",http://www.smitspatriciagarity.com
d9361f06-3ec5-4bfa-8ce4-233d2acc9599,Micaela,Rhymes,H Lee Leonard Attorney At Law,http://www.hleeleonardattorneyatlaw.com
6a1a2726-af3d-46a9-b6e6-bf59c825759d,Tamar,Hoogland,A K Construction Co,http://www.akconstructionco.com
5198446b-ad85-4ac3-aa5a-6f93edb3880b,Moon,Parlato,"Ambelang, Jessica M Md",http://www.ambelangjessicammd.com
22433c7e-ea71-496f-a3d8-6d099f18d891,Laurel,Reitler,Q A Service,http://www.qaservice.com
27190d47-a0d7-4f0e-967a-83a253ec7688,Delisa,Crupi,Wood & Whitacre Contractors,http://www.woodwhitacrecontractors.com
fa85b87f-944d-4d5c-b45f-d9d181d80519,Viva,Toelkes,Mark Iv Press Ltd,http://www.markivpressltd.com
0e77ea55-76ae-4f18-83dd-dc7451a05486,Elza,Lipke,Museum Of Science & Industry,http://www.museumofscienceindustry.com
e59471c4-05e5-49aa-a5ee-f7d26fe6700b,Devorah,Chickering,Garrison Ind,http://www.garrisonind.com
f315649b-1359-42f1-a1a7-f8aeae9fcd55,Timothy,Mulqueen,Saronix Nymph Products,http://www.saronixnymphproducts.com
559bbe2e-b286-42eb-af47-ae134488201f,Arlette,Honeywell,Smc Inc,http://www.smcinc.com
28462778-0f2b-4858-a082-09c2bf292c75,Dominque,Dickerson,E A I Electronic Assocs Inc,http://www.eaielectronicassocsinc.com
0f127f77-dde0-4390-b17a-c457f1dc7996,Lettie,Isenhower,"Conte, Christopher A Esq",http://www.contechristopheraesq.com
17639b29-37e3-4bb5-86ed-5c9e85d676a0,Myra,Munns,Anker Law Office,http://www.ankerlawoffice.com
5d41788e-57f3-43e2-b263-67e7973b5d56,Stephaine,Barfield,Beutelschies & Company,http://www.beutelschiescompany.com
42d8dfa8-59a4-4062-9a75-622b990aaf1b,Lai,Gato,"Fligg, Kenneth I Jr",http://www.fliggkennethijr.com
a756436e-08b7-45ec-a6a4-764821da9a41,Stephen,Emigh,"Sharp, J Daniel Esq",http://www.sharpjdanielesq.com
701add60-3379-4cd0-bc20-35abe78b78ba,Tyra,Shields,"Assink, Anne H Esq",http://www.assinkannehesq.com
3c58dbea-7a36-4095-a476-23179c621deb,Tammara,Wardrip,Jewel My Shop Inc,http://www.jewelmyshopinc.com
f9ea9f1b-7d55-465a-8250-eb128133fd76,Cory,Gibes,Chinese Translation Resources,http://www.chinesetranslationresources.com
10874525-6d2f-47d5-bffc-154b46d1e09a,Danica,Bruschke,"Stevens, Charles T",http://www.stevenscharlest.com
0b9f4cca-483c-4daa-8774-0d4f4cddd3f6,Wilda,Giguere,"Mclaughlin, Luther W Cpa",http://www.mclaughlinlutherwcpa.com
4ab77c75-e0b1-42b3-9ff6-1c445d9ed456,Elvera,Benimadho,Tree Musketeers,http://www.treemusketeers.com
e878cbd2-c4ef-4212-bf4a-48e688788f2f,Carma,Vanheusen,Springfield Div Oh Edison Co,http://www.springfielddivohedisonco.com
c01e0c6d-6a23-4311-b2b4-93b9e97dab9e,Malinda,Hochard,Logan Memorial Hospital,http://www.loganmemorialhospital.com
6a43da27-610f-4801-b3f1-08007abe61be,Natalie,Fern,"Kelly, Charles G Esq",http://www.kellycharlesgesq.com
8de13f55-d60c-4ea3-b07d-26cef449ba8e,Lisha,Centini,Industrial Paper Shredders Inc,http://www.industrialpapershreddersinc.com
ab7d0646-2cf7-4492-8d43-7ea8ca2597cc,Arlene,Klusman,Beck Horizon Builders,http://www.beckhorizonbuilders.com
eaafa4c8-7625-4a74-ada0-7662fd42d508,Alease,Buemi,Porto Cayo At Hawks Cay,http://www.portocayoathawkscay.com
4be1596c-a67d-4bab-b2c1-7053cf1af48e,Louisa,Cronauer,Pacific Grove Museum Ntrl Hist,http://www.pacificgrovemuseumntrlhist.com
bfaebeb7-5e46-441d-93d7-032841c1650b,Angella,Cetta,Bender & Hatley Pc,http://www.benderhatleypc.com
740fcd69-8f14-439f-a54f-ed08fe9ce1ac,Cyndy,Goldammer,Di Cristina J & Son,http://www.dicristinajson.com
f9efd704-9501-4567-8f14-ad7a34de3148,Rosio,Cork,Green Goddess,http://www.greengoddess.com
351a42dc-c4e3-4ac6-a621-9e1d2e1f41d2,Celeste,Korando,American Arts & Graphics,http://www.americanartsgraphics.com
c0eed69d-d1cb-436c-9c43-cbbef819b897,Twana,Felger,Opryland Hotel,http://www.oprylandhotel.com
7bb5ed90-bcf3-4565-bb87-a7e2d32680ec,Estrella,Samu,Marking Devices Pubg Co,http://www.markingdevicespubgco.com
08e57411-7e3c-4d43-9353-d590f269cd24,Donte,Kines,W Tc Industries Inc,http://www.wtcindustriesinc.com
9052300e-7d9f-4386-a876-3468af988e35,Tiffiny,Steffensmeier,Whitehall Robbins Labs Divsn,http://www.whitehallrobbinslabsdivsn.com
d8e0b84c-0504-4d2e-b586-1095bba2c3a1,Edna,Miceli,Sampler,http://www.sampler.com
13d33415-ed73-4f10-832a-766c2f478ba1,Sue,Kownacki,Juno Chefs Incorporated,http://www.junochefsincorporated.com
c22d3bad-4beb-414c-b932-167a10e47226,Jesusa,Shin,"Carroccio, A Thomas Esq",http://www.carroccioathomasesq.com
e2eb3731-0c42-4188-aeb4-4f6f0f84e64c,Rolland,Francescon,"Stanley, Richard L Esq",http://www.stanleyrichardlesq.com
85763026-0d83-4574-b841-08780adb0331,Pamella,Schmierer,K Cs Cstm Mouldings Windows,http://www.kcscstmmouldingswindows.com
5acef2d8-35a4-4855-be05-d426e2922e51,Glory,Kulzer,Comfort Inn,http://www.comfortinn.com
edb8e29d-4cf4-4007-8dde-347998683e77,Shawna,Palaspas,"Windsor, James L Esq",http://www.windsorjameslesq.com
cef4e500-bde0-4f48-9043-04125e2994ba,Brandon,Callaro,Jackson Shields Yeiser,http://www.jacksonshieldsyeiser.com
34b9ff27-35d0-4a1b-9f43-786615c825d1,Scarlet,Cartan,"Box, J Calvin Esq",http://www.boxjcalvinesq.com
189587f1-54e9-4a82-90a8-9378a01d440f,Oretha,Menter,Custom Engineering Inc,http://www.customengineeringinc.com
07a54786-272b-4475-9edc-2e04520c95c5,Ty,Smith,Bresler Eitel Framg Gllry Ltd,http://www.breslereitelframggllryltd.com
aa0bf607-abfe-429a-b6f3-5d50bcccf946,Xuan,Rochin,"Carol, Drake Sparks Esq",http://www.caroldrakesparksesq.com
c030d983-48b3-4b4a-b819-5893c682dfbe,Lindsey,Dilello,Biltmore Investors Bank,http://www.biltmoreinvestorsbank.com
c42b429f-8317-49e4-ab59-912301c78450,Devora,Perez,Desco Equipment Corp,http://www.descoequipmentcorp.com
aa0300d7-94b7-457c-af4b-953bd8c4ed68,Herman,Demesa,Merlin Electric Co,http://www.merlinelectricco.com
2a136dfb-6dea-4e08-8555-8b70fe23891d,Rory,Papasergi,Bailey Cntl Co Div Babcock,http://www.baileycntlcodivbabcock.com
508bfbfa-06f3-4770-8673-d6bab2fbede3,Talia,Riopelle,Ford Brothers Wholesale Inc,http://www.fordbrotherswholesaleinc.com
32e0c8c2-4320-4b76-bd55-54f9f6cf34ab,Van,Shire,Cambridge Inn,http://www.cambridgeinn.com
47273fb0-b48a-4845-9e90-5f0425c25b4d,Lucina,Lary,"Matricciani, Albert J Jr",http://www.matriccianialbertjjr.com
ef0ea390-7d19-4696-88ca-ef08bc4c33db,Bok,Isaacs,Nelson Hawaiian Ltd,http://www.nelsonhawaiianltd.com
0f670f13-9220-43a7-8b4a-2e29e962a567,Rolande,Spickerman,Neland Travel Agency,http://www.nelandtravelagency.com
9f0b15ef-3179-48a2-9433-2b765ca56c53,Howard,Paulas,"Asendorf, J Alan Esq",http://www.asendorfjalanesq.com
3621fc32-4409-4276-9917-75250a604b96,Kimbery,Madarang,"Silberman, Arthur L Esq",http://www.silbermanarthurlesq.com
2c6489db-848a-47d7-baef-2c57dbcda603,Thurman,Manno,Honey Bee Breeding Genetics &,http://www.honeybeebreedinggenetics.com
b65eafb4-b2ec-4cd5-96e2-95ae5103c8c1,Becky,Mirafuentes,Wells Kravitz Schnitzer,http://www.wellskravitzschnitzer.com
9c3a0fa6-8e05-4924-a6f9-010fe5281c0b,Beatriz,Corrington,Prohab Rehabilitation Servs,http://www.prohabrehabilitationservs.com
9fc83bd7-5a5d-4631-bb3a-2418cac0ca7a,Marti,Maybury,"Eldridge, Kristin K Esq",http://www.eldridgekristinkesq.com
9685b050-cb53-43d0-89f3-653178f134d3,Nieves,Gotter,"Vlahos, John J Esq",http://www.vlahosjohnjesq.com
bcfaed87-5f3a-452b-8d33-b071551239b7,Leatha,Hagele,Ninas Indian Grs & Videos,http://www.ninasindiangrsvideos.com
49acd48c-fc12-48b6-9d9c-327e37559c07,Valentin,Klimek,"Schmid, Gayanne K Esq",http://www.schmidgayannekesq.com
ee827b5e-a52f-4240-8a66-59e09048f570,Melissa,Wiklund,Moapa Valley Federal Credit Un,http://www.moapavalleyfederalcreditun.com
c70f6ec2-0912-4440-b986-57f54aeffd68,Sheridan,Zane,Kentucky Tennessee Clay Co,http://www.kentuckytennesseeclayco.com
b9180cd8-7695-4a7a-b967-6ce091c1d838,Bulah,Padilla,Admiral Party Rentals & Sales,http://www.admiralpartyrentalssales.com
526fab8d-dee8-4666-824f-78cdfe6047eb,Audra,Kohnert,"Nelson, Karolyn King Esq",http://www.nelsonkarolynkingesq.com
ae47d76b-f83e-466e-9e69-6b53181a22b4,Daren,Weirather,Panasystems,http://www.panasystems.com
a145c743-8d61-4821-869b-dcb6f7152c63,Fernanda,Jillson,"Shank, Edward L Esq",http://www.shankedwardlesq.com
af717e23-00c6-4ec9-86d7-deceec3e1f3a,Gearldine,Gellinger,Megibow & Edwards,http://www.megibowedwards.com
b1f2b0b1-e939-4fb5-aa4e-5f981e1a19bb,Chau,Kitzman,"Benoff, Edward Esq",http://www.benoffedwardesq.com
df33c7a1-0455-441f-8982-6837c8a8adc7,Theola,Frey,Woodbridge Free Public Library,http://www.woodbridgefreepubliclibrary.com
c26846c6-dc8c-4917-9c5f-f318fe156b38,Cheryl,Haroldson,New York Life John Thune,http://www.newyorklifejohnthune.com
a542a2e7-cb12-4408-b0fd-bbaa27e799fe,Laticia,Merced,Alinabal Inc,http://www.alinabalinc.com
81b071c3-f09f-4efa-a3c8-d60ea8096ed7,Carissa,Batman,"Poletto, Kim David Esq",http://www.polettokimdavidesq.com
732d568a-ee6a-43dc-ab11-5a6da1d0c56c,Lezlie,Craghead,"Chang, Carolyn Esq",http://www.changcarolynesq.com
ea04d340-f714-4c18-afe7-177c3c197798,Ozell,Shealy,Silver Bros Inc,http://www.silverbrosinc.com
96bc2ede-3eb2-4e24-8c91-ab3a7fc9c902,Arminda,Parvis,Newtec Inc,http://www.newtecinc.com
79772787-4ac6-44d3-93b7-1df092ae607d,Reita,Leto,Creative Business Systems,http://www.creativebusinesssystems.com
f4bc5c5e-1461-493e-a689-aa65e7f84fc9,Yolando,Luczki,Dal Tile Corporation,http://www.daltilecorporation.com
9ae0aa49-132e-4528-82e8-c61540bab392,Lizette,Stem,Edward S Katz,http://www.edwardskatz.com
3f5c662f-b494-414b-a015-62cea9ec6d1d,Gregoria,Pawlowicz,Oh My Goodknits Inc,http://www.ohmygoodknitsinc.com
9f6e0e69-30ab-4f41-90ee-7bb5ba6ed39d,Carin,Deleo,"Redeker, Debbie",http://www.redekerdebbie.com
dd4f1f45-fd66-44ff-9771-9cdde016af06,Chantell,Maynerich,Desert Sands Motel,http://www.desertsandsmotel.com
eae0f6ed-2ccd-4b7c-8351-5c6bbec5ac65,Dierdre,Yum,Cummins Southern Plains Inc,http://www.cumminssouthernplainsinc.com
db0774a7-9374-4f9a-938e-a23317459eeb,Larae,Gudroe,Lehigh Furn Divsn Lehigh,http://www.lehighfurndivsnlehigh.com
e3072887-afd5-4f1c-94bf-1a4a48069046,Latrice,Tolfree,United Van Lines Agent,http://www.unitedvanlinesagent.com
415018f0-92ad-42f7-a867-820a83e53a50,Kerry,Theodorov,Capitol Reporters,http://www.capitolreporters.com
6751673d-e73f-4efa-8f69-5592e1e7dd49,Dorthy,Hidvegi,Kwik Kopy Printing,http://www.kwikkopyprinting.com
80e19847-76eb-4e7e-bd17-a9d2de815736,Fannie,Lungren,Centro Inc,http://www.centroinc.com
b906e3e0-fa2d-4dd8-b9be-2c230705fe59,Evangelina,Radde,"Campbell, Jan Esq",http://www.campbelljanesq.com
38a5a789-fee4-41ff-a61d-5e03be19058a,Novella,Degroot,"Evans, C Kelly Esq",http://www.evansckellyesq.com
02c6a7bf-6bb7-404a-8a3f-cf4245b78d9e,Clay,Hoa,Scat Enterprises,http://www.scatenterprises.com
c6adfcca-f5f1-47ba-9ae1-8addaf0e85de,Jennifer,Fallick,"Nagle, Daniel J Esq",http://www.nagledanieljesq.com
46b529db-9c4d-4ca7-a31b-bb3e3899def0,Irma,Wolfgramm,Serendiquity Bed & Breakfast,http://www.serendiquitybedbreakfast.com
d2fc8a95-e42f-45ca-9788-6ac94eb8f94c,Eun,Coody,Ray Carolyne Realty,http://www.raycarolynerealty.com
1b51ddc4-5d2c-4f71-bb39-c38ca0c6cf76,Sylvia,Cousey,"Berg, Charles E",http://www.bergcharlese.com
0f7b3e7f-1d82-4d18-9fec-c939877cb5d3,Nana,Wrinkles,"Ray, Milbern D",http://www.raymilbernd.com
788d37a1-2da6-4eca-9d41-3651e6461d24,Layla,Springe,Chadds Ford Winery,http://www.chaddsfordwinery.com
320df645-7037-434e-a2d8-e08266d18067,Joesph,Degonia,A R Packaging,http://www.arpackaging.com
0c02c033-0e7f-4160-a575-ba71f83e8f90,Annabelle,Boord,Corn Popper,http://www.cornpopper.com
6647fe21-d48b-44dc-aa87-99a513c22867,Stephaine,Vinning,Birite Foodservice Distr,http://www.biritefoodservicedistr.com
0a38de65-c4c9-4fe4-a33c-a0518456a4ee,Nelida,Sawchuk,Anchorage Museum Of Hist & Art,http://www.anchoragemuseumofhistart.com
62589148-eaf2-410f-8f6e-a8348f24d08a,Marguerita,Hiatt,"Haber, George D Md",http://www.habergeorgedmd.com
56007fc7-16df-4b3e-949f-ebcd82b4b397,Carmela,Cookey,Royal Pontiac Olds Inc,http://www.royalpontiacoldsinc.com
761dc9e6-a0ba-4e67-9ec4-860a5772b605,Junita,Brideau,Leonards Antiques Inc,http://www.leonardsantiquesinc.com
488ac626-de4b-4a42-a6ad-1fffc29f29fd,Claribel,Varriano,Meca,http://www.meca.com
a3fab974-610e-4d60-887d-08e95b08bd9d,Benton,Skursky,Nercon Engineering & Mfg Inc,http://www.nerconengineeringmfginc.com
fa6b27b2-7107-462a-b927-dbbf29256fa7,Hillary,Skulski,Replica I,http://www.replicai.com
6d9dd486-679b-4dee-a453-546bac380e42,Merilyn,Bayless,20 20 Printing Inc,http://www.printinginc.com
02be165a-edfb-40b2-afd1-1753a2a80560,Teri,Ennaco,Publishers Group West,http://www.publishersgroupwest.com
6c59354b-05e9-4dbb-8854-dcd7204a0fa3,Merlyn,Lawler,"Nischwitz, Jeffrey L Esq",http://www.nischwitzjeffreylesq.com
953c9fec-131d-47ae-b806-7bafc8b1662b,Georgene,Montezuma,Payne Blades & Wellborn Pa,http://www.paynebladeswellbornpa.com
87826dab-a20a-48da-a72d-b92dfa7fe4d3,Jettie,Mconnell,Coldwell Bnkr Wright Real Est,http://www.coldwellbnkrwrightrealest.com
1a751864-79a7-4162-93fd-31c00900a755,Lemuel,Latzke,Computer Repair Service,http://www.computerrepairservice.com
e7269b0d-2850-4872-8a15-736c2e4806a3,Melodie,Knipp,Fleetwood Building Block Inc,http://www.fleetwoodbuildingblockinc.com
e2e06590-30b3-463b-9202-cb54a83aaa30,Candida,Corbley,Colts Neck Medical Assocs Inc,http://www.coltsneckmedicalassocsinc.com
fd993927-ed1e-4b68-95bb-5a94168920a5,Karan,Karpin,New England Taxidermy,http://www.newenglandtaxidermy.com
5b6f8f6f-b2b6-4fca-9720-52bfb87b6f6f,Andra,Scheyer,"Ludcke, George O Esq",http://www.ludckegeorgeoesq.com
9b62f167-b36a-45b4-b675-8da12f029c77,Felicidad,Poullion,"Mccorkle, Tom S Esq",http://www.mccorkletomsesq.com
c76c1f62-dd18-415c-915e-cec97c47a9ba,Belen,Strassner,Eagle Software Inc,http://www.eaglesoftwareinc.com
1c460517-168c-410b-8c35-b21fbad1c1f2,Gracia,Melnyk,Juvenile & Adult Super,http://www.juvenileadultsuper.com
ad2297a4-d576-4e46-8723-db7ed4b25a1c,Jolanda,Hanafan,"Perez, Joseph J Esq",http://www.perezjosephjesq.com
3623aeec-1846-4112-b4f4-d484c64c884b,Barrett,Toyama,Case Foundation Co,http://www.casefoundationco.com
2d23c36e-76b7-481e-9950-5d2bed84ff78,Helga,Fredicks,Eis Environmental Engrs Inc,http://www.eisenvironmentalengrsinc.com
403b27e7-2507-470e-bc16-69dc129cfe91,Ashlyn,Pinilla,Art Crafters,http://www.artcrafters.com
62fd0ad2-f449-4ec1-905e-8e5d41a3908e,Fausto,Agramonte,Marriott Hotels Resorts Suites,http://www.marriotthotelsresortssuites.com
520cbf8b-3d2b-425a-b3cc-b794e4ec9293,Ronny,Caiafa,Remaco Inc,http://www.remacoinc.com
53577544-5805-4483-b97c-21500634c08e,Marge,Limmel,"Bjork, Robert D Jr",http://www.bjorkrobertdjr.com
286c3266-5a45-4437-acec-c905f2699d3d,Norah,Waymire,"Carmichael, Jeffery L Esq",http://www.carmichaeljefferylesq.com
e196ecc6-d183-40d1-8ee3-6eff3e328034,Aliza,Baltimore,"Andrews, J Robert Esq",http://www.andrewsjrobertesq.com
1cf8222e-0796-4b46-9500-5208118da67c,Mozell,Pelkowski,Winship & Byrne,http://www.winshipbyrne.com
1f0f5153-bf6c-41ef-ba80-396066091681,Viola,Bitsuie,Burton & Davis,http://www.burtondavis.com
65e776ea-d656-4248-b785-8fb6c7b48822,Franklyn,Emard,Olympic Graphic Arts,http://www.olympicgraphicarts.com
88a4705b-6d7a-4fba-a679-15012a0b0714,Willodean,Konopacki,Magnuson,http://www.magnuson.com
13aa70ed-18ce-4698-9439-f3874dcb7d8c,Beckie,Silvestrini,A All American Travel Inc,http://www.aallamericantravelinc.com
bbdc6e85-fcb3-4d35-bea9-c2c2b9c92830,Rebecka,Gesick,Polykote Inc,http://www.polykoteinc.com
0202802b-fb0d-40f3-9bd9-5c7754d8511b,Frederica,Blunk,Jets Cybernetics,http://www.jetscybernetics.com
7b5d2c60-9146-4972-aedf-826a964ff3a9,Glen,Bartolet,Metlab Testing Services,http://www.metlabtestingservices.com
3e99966b-968e-4251-a490-9bbb446f3d84,Freeman,Gochal,"Kellermann, William T Esq",http://www.kellermannwilliamtesq.com
96596cf3-b659-4cb4-bf53-111d8f6c7d6f,Vincent,Meinerding,"Arturi, Peter D Esq",http://www.arturipeterdesq.com
7956ce85-7995-434a-ba97-5dcf0e3aa1b8,Rima,Bevelacqua,Mcauley Mfg Co,http://www.mcauleymfgco.com
7474a209-847a-4a99-9852-57bbc3042cfc,Glendora,Sarbacher,Defur Voran Hanley Radcliff,http://www.defurvoranhanleyradcliff.com
119766fd-3330-462e-b504-6c843f0892f1,Avery,Steier,Dill Dill Carr & Stonbraker Pc,http://www.dilldillcarrstonbrakerpc.com
e52c547f-969e-4c72-990d-15bf480560f1,Cristy,Lother,Kleensteel,http://www.kleensteel.com
9d89fcbf-5908-4371-9dd5-ff053b4ed6a7,Nicolette,Brossart,Goulds Pumps Inc Slurry Pump,http://www.gouldspumpsincslurrypump.com
220ca737-cd99-4420-b46a-afaeebb8428d,Tracey,Modzelewski,Kansas City Insurance Report,http://www.kansascityinsurancereport.com
8e12db28-2efd-4e23-9126-204ffafec00e,Virgina,Tegarden,Berhanu International Foods,http://www.berhanuinternationalfoods.com
fadf6015-11bb-4088-9847-2dd2303b0193,Tiera,Frankel,Roland Ashcroft,http://www.rolandashcroft.com
c172960b-d285-421c-b04c-7ee0c160a2be,Alaine,Bergesen,Hispanic Magazine,http://www.hispanicmagazine.com
92283690-a6eb-4147-8ed8-3bdc59fb9bed,Earleen,Mai,Little Sheet Metal Co,http://www.littlesheetmetalco.com
eb8c12c2-81c8-4b80-b0ad-7dc4eb18077c,Leonida,Gobern,"Holmes, Armstead J Esq",http://www.holmesarmsteadjesq.com
2bde3e0b-346d-4b4b-b266-cdab3e08ac30,Ressie,Auffrey,"Faw, James C Cpa",http://www.fawjamesccpa.com
2f3a5916-6439-49b5-8cf6-a002ea40454b,Justine,Mugnolo,Evans Rule Company,http://www.evansrulecompany.com
00614ee6-8842-48d3-8a30-0e7cb8ab57b1,Eladia,Saulter,Tyee Productions Inc,http://www.tyeeproductionsinc.com
fa3f57e3-3c09-4bd6-bb77-349d27d67870,Chaya,Malvin,Dunnells & Duvall,http://www.dunnellsduvall.com
38515142-00a3-48fe-9888-a2fbbd0ad975,Gwenn,Suffield,Deltam Systems Inc,http://www.deltamsystemsinc.com
aa947cf8-392e-48a5-989a-05f8874433b3,Salena,Karpel,Hammill Mfg Co,http://www.hammillmfgco.com
6ac04764-0812-4870-a7b0-177add6e9677,Yoko,Fishburne,Sams Corner Store,http://www.samscornerstore.com
d6bccc2f-6085-4895-9d00-21614aef3fe9,Taryn,Moyd,"Siskin, Mark J Esq",http://www.siskinmarkjesq.com
520fd3c5-0e2b-4efc-83b4-b22f3ea766a6,Katina,Polidori,Cape & Associates Real Estate,http://www.capeassociatesrealestate.com
6f29b51d-71b5-4c6e-b188-e55ab56d4bef,Rickie,Plumer,Merrill Lynch,http://www.merrilllynch.com
9b14a88b-5822-45ae-aa5d-c4e9849f9f1e,Alex,Loader,"Sublett, Scott Esq",http://www.sublettscottesq.com
daa0754d-828f-4c27-8716-5670b3f09c3e,Lashon,Vizarro,Sentry Signs,http://www.sentrysigns.com
72f07583-abad-4b4f-b46d-3e7b110157d6,Lauran,Burnard,Professionals Unlimited,http://www.professionalsunlimited.com
19f8a04a-a391-403a-aa31-e0e3f8c729e0,Ceola,Setter,Southern Steel Shelving Co,http://www.southernsteelshelvingco.com
d8ffbbcd-1eae-45e5-a874-2f75e4136cfa,My,Rantanen,"Bosco, Paul J",http://www.boscopaulj.com
31f25383-4bf8-4c39-a152-8418b14d3510,Lorrine,Worlds,"Longo, Nicholas J Esq",http://www.longonicholasjesq.com
a3170acf-e1ea-4149-b10c-d1d4fc001cdd,Peggie,Sturiale,Henry County Middle School,http://www.henrycountymiddleschool.com
a4473993-156f-46a1-97e7-359cc8e23bb5,Marvel,Raymo,Edison Supply & Equipment Co,http://www.edisonsupplyequipmentco.com
5bf5e986-8071-4e0f-8896-e0fa2d3888d5,Daron,Dinos,"Wolf, Warren R Esq",http://www.wolfwarrenresq.com
99ba2f18-63e5-4639-8fe8-df1575165323,An,Fritz,Linguistic Systems Inc,http://www.linguisticsystemsinc.com
5ebabfd2-61c2-45b9-863c-5fc305f65a3a,Portia,Stimmel,Peace Christian Center,http://www.peacechristiancenter.com
9e84de98-740e-4136-adff-86d53c7b0e0a,Rhea,Aredondo,Double B Foods Inc,http://www.doublebfoodsinc.com
ffdf7431-69ae-4866-85c3-3baf821342d3,Benedict,Sama,Alexander & Alexander Inc,http://www.alexanderalexanderinc.com
b1d5de7d-0c89-476c-b0fa-f9e03b82b7d0,Alyce,Arias,Fairbanks Scales,http://www.fairbanksscales.com
3073d041-211a-4e29-bd9b-c5b61de94428,Heike,Berganza,Cali Sportswear Cutting Dept,http://www.calisportswearcuttingdept.com
231c558f-e128-4b9a-a607-8823b8ff9b73,Carey,Dopico,"Garofani, John Esq",http://www.garofanijohnesq.com
9555e268-7fd0-4601-80e7-99fa0c2bebe4,Dottie,Hellickson,Thompson Fabricating Co,http://www.thompsonfabricatingco.com
f48a50c6-dd81-4514-a402-71e774a21c57,Deandrea,Hughey,Century 21 Krall Real Estate,http://www.centurykrallrealestate.com
81f1049c-a27a-433c-81fc-61f31f0da052,Kimberlie,Duenas,Mid Contntl Rlty & Prop Mgmt,http://www.midcontntlrltypropmgmt.com
8f536640-c9fd-43de-9374-7d40411009b9,Martina,Staback,Ace Signs Inc,http://www.acesignsinc.com
f7b08972-fabe-4d3a-ba80-a0a059975709,Skye,Fillingim,Rodeway Inn,http://www.rodewayinn.com
18f7e524-a6c4-449b-a83e-83fc5408146e,Jade,Farrar,Bonnet & Daughter,http://www.bonnetdaughter.com
1782f637-8fe8-4e4b-a924-806ecccf93a0,Charlene,Hamilton,Oshins & Gibbons,http://www.oshinsgibbons.com
9c8ae162-fac0-47e5-b48d-f7c97f6d7f8c,Geoffrey,Acey,Price Business Services,http://www.pricebusinessservices.com
547dab59-8dd1-428a-a881-5a77b50b05e5,Stevie,Westerbeck,"Wise, Dennis W Md",http://www.wisedenniswmd.com
759f019c-4b75-4a32-a22e-0edd24f1b318,Pamella,Fortino,Super 8 Motel,http://www.supermotel.com
5a690772-3b3f-4d1c-ac49-971be027f221,Harrison,Haufler,John Wagner Associates,http://www.johnwagnerassociates.com
0dae2baa-3ae4-497f-bb62-39083e7656ea,Johnna,Engelberg,Thrifty Oil Co,http://www.thriftyoilco.com
77e401d2-3840-4f95-9dbc-09883fd4febc,Buddy,Cloney,Larkfield Photo,http://www.larkfieldphoto.com
9cd08f30-8cf6-451e-adfa-a494df3aef84,Dalene,Riden,Silverman Planetarium,http://www.silvermanplanetarium.com
8f2cac9f-1da1-4285-8cae-e29422dd319f,Jerry,Zurcher,J & F Lumber,http://www.jflumber.com
35835b17-5a44-4793-9189-1227d90b2fb1,Haydee,Denooyer,Cleaning Station Inc,http://www.cleaningstationinc.com
4c5bed68-decc-485f-9a4b-d2bc679324bb,Joseph,Cryer,Ames Stationers,http://www.amesstationers.com
6115a2a0-eeb8-4dff-be16-2560f8c1311f,Deonna,Kippley,Midas Muffler Shops,http://www.midasmufflershops.com
b519db47-a487-4b92-9059-845d47b183a8,Raymon,Calvaresi,Seaboard Securities Inc,http://www.seaboardsecuritiesinc.com
3d1c7bee-f6b0-4e50-b233-18700223a63d,Alecia,Bubash,"Petersen, James E Esq",http://www.petersenjameseesq.com
5144f099-24f9-4803-8371-478e1432e413,Ma,Layous,Development Authority,http://www.developmentauthority.com
85843149-0e4a-4630-8281-60ac6adaba8f,Detra,Coyier,Schott Fiber Optics Inc,http://www.schottfiberopticsinc.com
57a20375-21d6-43b6-a52b-5c62eec32f76,Terrilyn,Rodeigues,Stuart J Agins,http://www.stuartjagins.com
c0454452-058c-492f-a050-03208b1e83af,Salome,Lacovara,Mitsumi Electronics Corp,http://www.mitsumielectronicscorp.com
b89aada9-7c7f-4c0d-a60a-accd85b9efd2,Garry,Keetch,Italian Express Franchise Corp,http://www.italianexpressfranchisecorp.com
465d6829-d1ee-41dc-8346-37dbc184147b,Matthew,Neither,American Council On Sci & Hlth,http://www.americancouncilonscihlth.com
6593256d-b2ca-4a58-a3ec-7f559c6fcc5f,Theodora,Restrepo,"Kleri, Patricia S Esq",http://www.kleripatriciasesq.com
8b4e0c9f-158d-404b-bbde-45bb5c1ccb0d,Noah,Kalafatis,Twiggs Abrams Blanchard,http://www.twiggsabramsblanchard.com
8cb77c37-67a3-4d5e-a074-21e0f6a0714d,Carmen,Sweigard,Maui Research & Technology Pk,http://www.mauiresearchtechnologypk.com
afb24d2a-760c-491f-b9b2-36fff2656fe1,Lavonda,Hengel,Bradley Nameplate Corp,http://www.bradleynameplatecorp.com
2ab760db-98a2-4a74-ab3d-d22a4b9112a5,Junita,Stoltzman,Geonex Martel Inc,http://www.geonexmartelinc.com
e90ab292-e51c-456a-b7ce-e925b39dfa6f,Herminia,Nicolozakes,Sea Island Div Of Fstr Ind Inc,http://www.seaislanddivoffstrindinc.com
df321a25-c7e7-41a5-aae4-46d0061c02c9,Casie,Good,"Papay, Debbie J Esq",http://www.papaydebbiejesq.com
94d7da5d-e5a6-4b6c-8dfb-12c93196031d,Reena,Maisto,Lane Promotions,http://www.lanepromotions.com
eab41d68-99d2-4336-9db1-5462a154d6f0,Mirta,Mallett,Stephen Kennerly Archts Inc Pc,http://www.stephenkennerlyarchtsincpc.com
693cc5ca-7608-44e3-a05f-0355d4a64268,Cathrine,Pontoriero,Business Systems Of Wis Inc,http://www.businesssystemsofwisinc.com
c19c79b6-6f51-4220-9d93-928d5a899cb3,Filiberto,Tawil,"Flash, Elena Salerno Esq",http://www.flashelenasalernoesq.com
963771d9-4cef-4a9b-9920-3b469522f8a8,Raul,Upthegrove,"Neeley, Gregory W Esq",http://www.neeleygregorywesq.com
fa73a14a-8646-47a5-9b9f-778929a787a3,Sarah,Candlish,Alabama Educational Tv Comm,http://www.alabamaeducationaltvcomm.com
ae021ad8-8a98-4358-87bb-3b45d33b535b,Lucy,Treston,Franz Inc,http://www.franzinc.com
40d6dd6d-ddb0-43a6-aa1b-0f1a6b098dc7,Judy,Aquas,Plantation Restaurant,http://www.plantationrestaurant.com
515a0051-2579-497b-bbb7-838228b0e075,Yvonne,Tjepkema,Radio Communications Co,http://www.radiocommunicationsco.com
0f0d8817-7fe6-44a3-9896-6c770756e8f5,Kayleigh,Lace,Dentalaw Divsn Hlth Care,http://www.dentalawdivsnhlthcare.com
64afc671-c4ab-4be2-9f97-7373f27ae725,Felix,Hirpara,American Speedy Printing Ctrs,http://www.americanspeedyprintingctrs.com
a16f7248-3482-4006-a9ff-7e53c4766ce2,Tresa,Sweely,"Grayson, Grant S Esq",http://www.graysongrantsesq.com
3c1268f3-4c17-4178-a09b-34654b76071b,Kristeen,Turinetti,Jeanerette Middle School,http://www.jeanerettemiddleschool.com
0ca31326-e27a-4436-bdd3-70c5bcd69910,Jenelle,Regusters,"Haavisto, Brian F Esq",http://www.haavistobrianfesq.com
586e615b-f49e-4efe-901a-9bb2734c9830,Renea,Monterrubio,Wmmt Radio Station,http://www.wmmtradiostation.com
1369420b-3ee9-42cc-878a-16369e74c55c,Olive,Matuszak,Colony Paints Sales Ofc & Plnt,http://www.colonypaintssalesofcplnt.com
ec0f52c0-a986-44c0-9b09-7ce2f11ed202,Ligia,Reiber,Floral Expressions,http://www.floralexpressions.com
692ada47-7949-458c-99e5-b10735a927a8,Christiane,Eschberger,Casco Services Inc,http://www.cascoservicesinc.com
200586c5-2d1a-4f0f-ad57-ae7245321270,Goldie,Schirpke,"Reuter, Arthur C Jr",http://www.reuterarthurcjr.com
15c78959-8460-4567-b2b6-ab0cb77dd900,Loreta,Timenez,"Kaminski, Katherine Andritsaki",http://www.kaminskikatherineandritsaki.com
8e4f5c14-0732-46fc-9da7-345c194056cf,Fabiola,Hauenstein,Sidewinder Products Corp,http://www.sidewinderproductscorp.com
9179e8e8-12cc-4059-bf39-a6295a5c9772,Amie,Perigo,General Foam Corporation,http://www.generalfoamcorporation.com
8242f1b0-637c-4d00-8a70-3a4e5e933e4f,Raina,Brachle,Ikg Borden Divsn Harsco Corp,http://www.ikgbordendivsnharscocorp.com
791a56b6-caab-4f73-bb68-381ba2ac6224,Erinn,Canlas,Anchor Computer Inc,http://www.anchorcomputerinc.com
4a6c5eba-8fed-4de0-9470-08e37461af68,Cherry,Lietz,Sebring & Co,http://www.sebringco.com
47619110-376b-41b7-8e6a-ef01c4555c96,Kattie,Vonasek,H A C Farm Lines Co Optv Assoc,http://www.hacfarmlinescooptvassoc.com
fb6935b4-838d-4388-9311-c37de1a734a9,Lilli,Scriven,"Hunter, John J Esq",http://www.hunterjohnjesq.com
bcacc1c1-5a2b-4b02-ba80-c736ccf405e2,Whitley,Tomasulo,Freehold Fence Co,http://www.freeholdfenceco.com
9dd9cf24-26b0-411f-9ea1-976f4af66811,Barbra,Adkin,Binswanger,http://www.binswanger.com
9a12c81a-ad09-4077-b02b-96a396957ced,Hermila,Thyberg,Chilton Malting Co,http://www.chiltonmaltingco.com
3df4d73a-1930-4c4c-bd26-a77daf1605ca,Jesusita,Flister,"Schoen, Edward J Jr",http://www.schoenedwardjjr.com
edd1e223-7096-4a26-8dfa-599e48a79d03,Caitlin,Julia,"Helderman, Seymour Cpa",http://www.heldermanseymourcpa.com
f51757bc-bcd7-4419-8660-97cc3d4822d5,Roosevelt,Hoffis,"Denbrook, Myron",http://www.denbrookmyron.com
16e5dca3-c462-498e-ac0d-425530baa234,Helaine,Halter,"Lippitt, Mike",http://www.lippittmike.com
1da65ab0-c8a9-4f37-9e07-4d532ed5ad06,Lorean,Martabano,"Hiram, Hogg P Esq",http://www.hiramhoggpesq.com
fbca10d4-f83a-4087-988a-cecc59ac4fc1,France,Buzick,In Travel Agency,http://www.intravelagency.com
6b7c37ea-63a3-41fe-8cfc-d6ad14abfba3,Justine,Ferrario,Newhart Foods Inc,http://www.newhartfoodsinc.com
1d70dfb5-6c6a-4520-a799-24d12d4af6a4,Adelina,Nabours,Courtyard By Marriott,http://www.courtyardbymarriott.com
8e34eb54-398f-41e4-a0e0-b8d55941fc19,Derick,Dhamer,"Studer, Eugene A Esq",http://www.studereugeneaesq.com
bba66694-15ed-407f-a1d2-6190c56b43d9,Jerry,Dallen,Seashore Supply Co Waretown,http://www.seashoresupplycowaretown.com
a1435682-7947-45d9-8caf-de0016696975,Leota,Ragel,Mayar Silk Inc,http://www.mayarsilkinc.com
10ede64e-6368-487b-9836-b7f915fd7c51,Jutta,Amyot,National Medical Excess Corp,http://www.nationalmedicalexcesscorp.com
60077096-f61d-422f-af17-16f1b7983a05,Aja,Gehrett,Stero Company,http://www.sterocompany.com
b0a76c03-0d73-4e4c-b0c0-40a793625c45,Kirk,Herritt,"Hasting, H Duane Esq",http://www.hastinghduaneesq.com
6c847924-2ddb-447f-909a-09dd71cd712f,Leonora,Mauson,Insty Prints,http://www.instyprints.com
26cb0b00-f164-490d-a125-8d8c74e7bda0,Winfred,Brucato,Glenridge Manor Mobile Home Pk,http://www.glenridgemanormobilehomepk.com
fd51fdb2-82c9-4bbd-945e-536c6f4b12a8,Tarra,Nachor,Circuit Solution Inc,http://www.circuitsolutioninc.com
3e1bb49f-0004-47a6-9223-96f501c8bbf5,Corinne,Loder,Local Office,http://www.localoffice.com
4673a705-6df0-4f7f-b789-fe2e589b65cb,Dulce,Labreche,Lee Kilkelly Paulson & Kabaker,http://www.leekilkellypaulsonkabaker.com
c6727bb8-6ba3-4c50-8c42-0f5902427265,Kate,Keneipp,"Davis, Maxon R Esq",http://www.davismaxonresq.com
d0a256da-4df0-4f10-a33a-e870692ab629,Kaitlyn,Ogg,"Garrison, Paul E Esq",http://www.garrisonpauleesq.com
0d57cb3a-c736-4b62-a995-31446b9778bc,Sherita,Saras,Black History Resource Center,http://www.blackhistoryresourcecenter.com
f92b1614-1d20-4056-9c48-64fa653dcafa,Lashawnda,Stuer,"Rodriguez, J Christopher Esq",http://www.rodriguezjchristopheresq.com
19054f0d-873d-4b3e-8898-52c09107121d,Ernest,Syrop,Grant Family Health Center,http://www.grantfamilyhealthcenter.com
1c4b781e-3c7d-4df4-92af-eef2f2aace7e,Nobuko,Halsey,Goeman Wood Products Inc,http://www.goemanwoodproductsinc.com
77f89042-2c87-4108-8d82-cf36c97933ff,Lavonna,Wolny,"Linhares, Kenneth A Esq",http://www.linhareskennethaesq.com
fbd688c0-35b8-4f2f-8efc-144fdb33925d,Lashaunda,Lizama,Earnhardt Printing,http://www.earnhardtprinting.com
b0c79662-622b-4afe-a946-9763a478138a,Mariann,Bilden,H P G Industrys Inc,http://www.hpgindustrysinc.com
6745d081-cba7-45c4-847e-f804a21273c3,Helene,Rodenberger,Bailey Transportation Prod Inc,http://www.baileytransportationprodinc.com
00b04c9b-b8fd-4a0e-89e7-7ada002ce9a3,Roselle,Estell,Mcglynn Bliss Pc,http://www.mcglynnblisspc.com
c074da89-4ca5-45b0-8e19-91a22ecc0ad2,Samira,Heintzman,Mutual Fish Co,http://www.mutualfishco.com
acbc1a45-4269-421d-85fb-7486d1ee9b2f,Margart,Meisel,"Yeates, Arthur L Aia",http://www.yeatesarthurlaia.com
bc3fb088-4b2b-46a6-882d-1445bc595189,Kristofer,Bennick,"Logan, Ronald J Esq",http://www.loganronaldjesq.com
dc49baa9-c3e6-4424-b433-e4a6e8b3e7a0,Weldon,Acuff,Advantage Martgage Company,http://www.advantagemartgagecompany.com
7a853929-215e-4cf3-bb5e-3c5bd8d45d91,Shalon,Shadrick,Germer And Gertz Llp,http://www.germerandgertzllp.com
d4993c84-6e70-44cb-b18a-c5b73b861cac,Denise,Patak,Spence Law Offices,http://www.spencelawoffices.com
a3fa38e1-5c77-4498-98de-245411eec4f6,Louvenia,Beech,John Ortiz Nts Therapy Center,http://www.johnortizntstherapycenter.com
7cc8f6e0-3725-4ff6-8365-e1b63df3321c,Audry,Yaw,Mike Uchrin Htg & Air Cond Inc,http://www.mikeuchrinhtgaircondinc.com
aa701434-4fa9-4274-aeb8-b3b16ab7e397,Kristel,Ehmann,"Mccoy, Joy Reynolds Esq",http://www.mccoyjoyreynoldsesq.com
68cbd1a3-8a36-4602-9842-9e074d34d05b,Vincenza,Zepp,Kbor 1600 Am,http://www.kboram.com
fefef804-2834-4260-b852-017d9c5872cf,Elouise,Gwalthney,Quality Inn Northwest,http://www.qualityinnnorthwest.com
ea0c5a43-d3f8-44c0-af72-6c00c0011560,Venita,Maillard,Wallace Church Assoc Inc,http://www.wallacechurchassocinc.com
d70c71cf-d75f-4432-94ff-4080aad089ed,Kasandra,Semidey,Can Tron,http://www.cantron.com
da3a22f1-c299-4289-96fc-8ac485248f17,Xochitl,Discipio,Ravaal Enterprises Inc,http://www.ravaalenterprisesinc.com
2b0c052e-ba2f-4ccc-8740-1a0f71a78682,Maile,Linahan,Thompson Steel Company Inc,http://www.thompsonsteelcompanyinc.com
a22c3088-de3a-437e-8f17-439afa291230,Krissy,Rauser,"Anderson, Mark A Esq",http://www.andersonmarkaesq.com
192302eb-693e-4158-9cc6-8a92c062cd36,Pete,Dubaldi,Womack & Galich,http://www.womackgalich.com
fd08a6da-094a-4761-a58b-f43b6a0d5bc8,Linn,Paa,Valerie & Company,http://www.valeriecompany.com
fa101e0b-d31d-4bfd-8044-c0059d4a2db5,Paris,Wide,Gehring Pumps Inc,http://www.gehringpumpsinc.com
1bc5dadd-b3d1-4cfd-94d4-89e94fa9b87e,Wynell,Dorshorst,"Haehnel, Craig W Esq",http://www.haehnelcraigwesq.com
23282578-afb4-48d9-a1a7-7908f9bfd533,Quentin,Birkner,Spoor Behrins Campbell & Young,http://www.spoorbehrinscampbellyoung.com
fcb96274-20bd-49d1-9260-bce2d616bfa0,Regenia,Kannady,Ken Jeter Store Equipment Inc,http://www.kenjeterstoreequipmentinc.com
ff501966-0871-4797-b085-f3d58b05b07e,Sheron,Louissant,"Potter, Brenda J Cpa",http://www.potterbrendajcpa.com
5d3ab715-ff3d-4441-9bcf-aa4debc135f6,Izetta,Funnell,Baird Kurtz & Dobson,http://www.bairdkurtzdobson.com
5d5bcd67-5b57-434e-af31-f9a30af44478,Rodolfo,Butzen,"Minor, Cynthia A Esq",http://www.minorcynthiaaesq.com
0588c0bc-4676-4969-a6cd-dc46fb6ca6ff,Zona,Colla,"Solove, Robert A Esq",http://www.soloverobertaesq.com
8876026a-02e5-4a99-84a7-bfde07b6a26f,Serina,Zagen,Mark Ii Imports Inc,http://www.markiiimportsinc.com
e67283c5-3beb-4b8d-bcdd-a2ba1d3e4adb,Paz,Sahagun,White Sign Div Ctrl Equip Co,http://www.whitesigndivctrlequipco.com
1f29fe64-a077-412e-bf88-c32905f1b197,Markus,Lukasik,M & M Store Fixtures Co Inc,http://www.mmstorefixturescoinc.com
8a8d8953-5ac3-4b6a-8569-4d4459ed74d3,Jaclyn,Bachman,Judah Caster & Wheel Co,http://www.judahcasterwheelco.com
67eb5014-cda3-4653-a61f-70eab2789ceb,Cyril,Daufeldt,Galaxy International Inc,http://www.galaxyinternationalinc.com
46b10d31-9fe8-4d66-a74f-482d1e4df61e,Gayla,Schnitzler,Sigma Corp Of America,http://www.sigmacorpofamerica.com
f7657344-e2a7-4a7d-ab90-d8c5b648d199,Erick,Nievas,"Soward, Anne Esq",http://www.sowardanneesq.com
cdce2b67-4725-42db-a839-ddf6c0a72091,Jennie,Drymon,"Osborne, Michelle M Esq",http://www.osbornemichellemesq.com
d1bbfbeb-b0c0-4f76-9d95-00ac696310a6,Mitsue,Scipione,Students In Free Entrprs Natl,http://www.studentsinfreeentrprsnatl.com
07578e3b-198d-4e56-93a2-be33bea84d37,Ciara,Ventura,"Johnson, Robert M Esq",http://www.johnsonrobertmesq.com
dc8c2e96-f14b-475d-99bf-e35bb5aae0e9,Galen,Cantres,Del Charro Apartments,http://www.delcharroapartments.com
4dd9af47-765a-4221-849d-1a7428b74ffc,Truman,Feichtner,Legal Search Inc,http://www.legalsearchinc.com
2c53ed08-2d42-497b-a439-2c1ad1a45e34,Gail,Kitty,Service Supply Co Inc,http://www.servicesupplycoinc.com
9a6432bc-8246-4f3a-9bf7-27ba229417c5,Dalene,Schoeneck,"Sameshima, Douglas J Esq",http://www.sameshimadouglasjesq.com
3de38d35-e533-46f0-92b2-749cff6d3b3a,Gertude,Witten,"Thompson, John Randolph Jr",http://www.thompsonjohnrandolphjr.com
7fb3cb86-8a32-490b-af2e-3c81f071d5f6,Lizbeth,Kohl,E T Balancing Co Inc,http://www.etbalancingcoinc.com
68b45dfd-8850-4cc6-ac56-7d1f48bfac4d,Glenn,Berray,"Griswold, John E Esq",http://www.griswoldjohneesq.com
b1529c22-6910-4735-9203-b3dc677bd2a6,Lashandra,Klang,Acqua Group,http://www.acquagroup.com
727f2e10-0021-45c0-80ff-606d2672f15c,Lenna,Newville,"Brooks, Morris J Jr",http://www.brooksmorrisjjr.com
7cbfc312-916c-4b32-8b1b-72b454eebd57,Laurel,Pagliuca,Printing Images Corp,http://www.printingimagescorp.com
40d76ad5-ab1a-4d20-8a30-38d921989198,Mireya,Frerking,Roberts Supply Co Inc,http://www.robertssupplycoinc.com
1dd6c722-1726-4f45-b9dd-27602f7a38f7,Annelle,Tagala,Vico Products Mfg Co,http://www.vicoproductsmfgco.com
42b792fd-a5a0-4ce4-a1e4-a1e0e755ca7a,Dean,Ketelsen,J M Custom Design Millwork,http://www.jmcustomdesignmillwork.com
396c427f-ddc2-4d08-ad54-03cd40fc1d6a,Levi,Munis,Farrell & Johnson Office Equip,http://www.farrelljohnsonofficeequip.com
d8a255c4-d885-42bb-8c87-8c346e2ef3e0,Sylvie,Ryser,Millers Market & Deli,http://www.millersmarketdeli.com
f80fff03-54d4-46fc-803f-d3172ab3205f,Sharee,Maile,Holiday Inn Naperville,http://www.holidayinnnaperville.com
93068902-f21b-4fe1-90a1-a85113d3f65e,Cordelia,Storment,"Burrows, Jon H Esq",http://www.burrowsjonhesq.com
b7dc8054-263f-496f-a0d0-a4f9790f41c3,Mollie,Mcdoniel,Dock Seal Specialty,http://www.docksealspecialty.com
957060f8-e901-4cef-928c-46815795c017,Brett,Mccullan,Five Star Limousines Of Tx Inc,http://www.fivestarlimousinesoftxinc.com
ad6b45fd-7935-4866-8c5a-7afa08c109a5,Teddy,Pedrozo,"Barkan, Neal J Esq",http://www.barkannealjesq.com
f49e56cd-ee8a-4409-b469-3c118dfc90a0,Tasia,Andreason,"Campbell, Robert A",http://www.campbellroberta.com
203d2cad-2494-4b7b-ab50-c342057438d7,Hubert,Walthall,"Dee, Deanna",http://www.deedeanna.com
01e490fa-28f6-4a70-a6f0-c8b9716d4931,Arthur,Farrow,"Young, Timothy L Esq",http://www.youngtimothylesq.com
54c40079-4ff5-435c-817a-759f93815419,Vilma,Berlanga,"Wells, D Fred Esq",http://www.wellsdfredesq.com
8f7ae606-89d5-4b70-aba0-23e89c665f7f,Billye,Miro,"Gray, Francine H Esq",http://www.grayfrancinehesq.com
ec2351c0-4640-44a0-abea-27cfade59d7b,Glenna,Slayton,Toledo Iv Care,http://www.toledoivcare.com
11ce0afd-00a6-476e-b131-c7fbb6b6441d,Mitzie,Hudnall,Cangro Transmission Co,http://www.cangrotransmissionco.com
a80bcd2c-bb36-4bbf-8380-91cf95ecba64,Bernardine,Rodefer,Sat Poly Inc,http://www.satpolyinc.com
4b0bbca3-caff-4156-8c89-5d83c6e63b16,Staci,Schmaltz,Midwest Contracting & Mfg Inc,http://www.midwestcontractingmfginc.com
e82529dc-2e0a-46ca-9438-f71533bebe9b,Nichelle,Meteer,Print Doctor,http://www.printdoctor.com
3e33841e-791b-438e-b84c-cb11703ec50f,Janine,Rhoden,Nordic Group Inc,http://www.nordicgroupinc.com
ad462ae2-c7d7-451b-97a2-15521023916c,Ettie,Hoopengardner,Jackson Millwork Co,http://www.jacksonmillworkco.com
e1a1a5e2-fe3c-4ee0-9711-8ac77f80da3c,Eden,Jayson,Harris Corporation,http://www.harriscorporation.com
a2821f6b-9cd2-4c98-8eb7-ad57f35f56ee,Lynelle,Auber,United Cerebral Palsy Of Ne Pa,http://www.unitedcerebralpalsyofnepa.com
b1b87779-996f-40cf-b685-67b4af94bea2,Merissa,Tomblin,One Day Surgery Center Inc,http://www.onedaysurgerycenterinc.com
5d110166-686c-4ae4-8915-9fdf6f23b248,Golda,Kaniecki,Calaveras Prospect,http://www.calaverasprospect.com
73c81b76-91d4-4935-894c-53b4edda0864,Catarina,Gleich,"Terk, Robert E Esq",http://www.terkroberteesq.com
ad433b02-352f-44d4-9c45-f4bcf7f17326,Virgie,Kiel,"Cullen, Terrence P Esq",http://www.cullenterrencepesq.com
7cdfcfe9-fbb9-4e5a-ade7-d89cfccdd583,Jolene,Ostolaza,Central Die Casting Mfg Co Inc,http://www.centraldiecastingmfgcoinc.com
10924d02-2da5-4797-a194-1f85dda5e029,Keneth,Borgman,Centerline Engineering,http://www.centerlineengineering.com
78b78508-257b-4195-ac23-cbdb28bc16fc,Rikki,Nayar,Targan & Kievit Pa,http://www.targankievitpa.com
c4f49129-e723-48b9-97cb-f064502ff18b,Elke,Sengbusch,Riley Riper Hollin & Colagreco,http://www.rileyriperhollincolagreco.com
24fced80-8fc0-4388-a8ab-22cb7d93c9af,Hoa,Sarao,"Kaplan, Joel S Esq",http://www.kaplanjoelsesq.com
a38a63a7-296c-4c2e-a36b-0284133ccd68,Trinidad,Mcrae,Water Office,http://www.wateroffice.com
e081514d-805e-4660-88ca-95b4bf776eb6,Mari,Lueckenbach,"Westbrooks, Nelson E Jr",http://www.westbrooksnelsonejr.com
e78cab8c-a44a-4f0d-895a-98dc8c5feb57,Selma,Husser,Armon Communications,http://www.armoncommunications.com
879632c1-8f04-4511-a46f-089fe2d0ea27,Antione,Onofrio,Jacobs & Gerber Inc,http://www.jacobsgerberinc.com
e872f81f-2238-466f-a102-4bbe657b34b2,Luisa,Jurney,Forest Fire Laboratory,http://www.forestfirelaboratory.com
72d68231-8bbd-4ca0-8564-6a1056426220,Clorinda,Heimann,"Haughey, Charles Jr",http://www.haugheycharlesjr.com
c72f579b-f623-4c75-b5a3-b935c1918ada,Dick,Wenzinger,Wheaton Plastic Products,http://www.wheatonplasticproducts.com
ecca8bb0-5e97-4007-afc5-16d63bddc8f8,Ahmed,Angalich,Reese Plastics,http://www.reeseplastics.com
2a5401ae-3a12-4664-b29c-c8c776410ffc,Iluminada,Ohms,Nazette Marner Good Wendt,http://www.nazettemarnergoodwendt.com
2905e8b9-b768-4ec4-83db-f029eff5119d,Joanna,Leinenbach,Levinson Axelrod Wheaton,http://www.levinsonaxelrodwheaton.com
14e7c3a8-9609-4785-b982-8202177a129a,Caprice,Suell,"Egnor, W Dan Esq",http://www.egnorwdanesq.com
efbd8051-f81b-46c0-b231-309abe8474d2,Stephane,Myricks,Portland Central Thriftlodge,http://www.portlandcentralthriftlodge.com
4532d625-1018-4cde-85e2-9db181b8d218,Quentin,Swayze,Ulbrich Trucking,http://www.ulbrichtrucking.com
14848f3b-61d9-467e-8733-2235d76967e3,Annmarie,Castros,Tipiak Inc,http://www.tipiakinc.com
52b12bdd-4812-4a75-9016-796b5d0ec7e6,Shonda,Greenbush,Saint George Well Drilling,http://www.saintgeorgewelldrilling.com
f99a4528-26b2-4dbc-ac3d-ce37aa5cdc6c,Cecil,Lapage,"Hawkes, Douglas D",http://www.hawkesdouglasd.com
cf3d8f5e-fc8c-437f-8efe-f0ad7ba29574,Jeanice,Claucherty,Accurel Systems Intrntl Corp,http://www.accurelsystemsintrntlcorp.com
4fee818e-57f6-45cd-b528-0a60078480e4,Josphine,Villanueva,Santa Cruz Community Internet,http://www.santacruzcommunityinternet.com
9cfe0fb7-770c-4caa-bb54-128a80f937dc,Daniel,Perruzza,Gersh & Danielson,http://www.gershdanielson.com
1c978d3b-8e60-4059-9623-53d67019a983,Cassi,Wildfong,"Cobb, James O Esq",http://www.cobbjamesoesq.com
5820a39d-6879-4879-b72d-d821e4c0add0,Britt,Galam,Wheatley Trucking Company,http://www.wheatleytruckingcompany.com
5e4420ac-03a0-4720-9a33-47c017fabce8,Adell,Lipkin,Systems Graph Inc Ab Dick Dlr,http://www.systemsgraphincabdickdlr.com
0ccfae64-eebd-466a-9ac9-bf3eac63ba86,Jacqueline,Rowling,John Hancock Mutl Life Ins Co,http://www.johnhancockmutllifeinsco.com
607a636c-b5ed-4625-af1f-2d0c33600b4b,Lonny,Weglarz,History Division Of State,http://www.historydivisionofstate.com
31a6a2b7-9df4-468d-993e-b6fcaf7f0ee6,Lonna,Diestel,"Dimmock, Thomas J Esq",http://www.dimmockthomasjesq.com
4f7266af-5146-4f73-900c-20c1b97935f2,Cristal,Samara,Intermed Inc,http://www.intermedinc.com
143855b0-5bec-474a-ab1b-a42b44ea7fd8,Kenneth,Grenet,Bank Of New York,http://www.bankofnewyork.com
97237b32-78ae-47b6-8257-88b2b2d86d99,Elli,Mclaird,Sportmaster Intrnatl,http://www.sportmasterintrnatl.com
0907136b-0ce8-4df1-92db-ec529bb82fa7,Alline,Jeanty,W W John Holden Inc,http://www.wwjohnholdeninc.com
d82ceee5-6b17-4303-a35e-7bca603685b4,Sharika,Eanes,Maccani & Delp,http://www.maccanidelp.com
3aebfc6b-7aac-4be2-b509-33c3b0739113,Nu,Mcnease,Amazonia Film Project,http://www.amazoniafilmproject.com
b7b8abe7-79a0-4030-ae99-150c673eece1,Daniela,Comnick,Water & Sewer Department,http://www.watersewerdepartment.com
4392f251-21e5-4e66-9f2f-cde724d93a7f,Cecilia,Colaizzo,Switchcraft Inc,http://www.switchcraftinc.com
d11e7960-33a1-463b-99d6-b59935f038c7,Leslie,Threets,C W D C Metal Fabricators,http://www.cwdcmetalfabricators.com
30ed0639-db61-489a-b012-3db10287fedf,Nan,Koppinger,"Shimotani, Grace T",http://www.shimotanigracet.com
fb98548a-6750-4a83-8734-f11d16309cc7,Izetta,Dewar,"Lisatoni, Jean Esq",http://www.lisatonijeanesq.com
b2a3794d-0fc6-4445-a319-cbb550eb8fd1,Tegan,Arceo,Ceramic Tile Sales Inc,http://www.ceramictilesalesinc.com
55ad5265-89d5-4df5-a525-9d1e99ae4051,Ruthann,Keener,Maiden Craft Inc,http://www.maidencraftinc.com
72eaf0e7-10d5-408a-95d2-f27e591e7218,Joni,Breland,Carriage House Cllsn Rpr Inc,http://www.carriagehousecllsnrprinc.com
8a53c120-b37b-46e9-ab2a-14bbee6b6de3,Vi,Rentfro,Video Workshop,http://www.videoworkshop.com
cb77a8c7-0ac5-4683-87e9-6f4478324629,Colette,Kardas,Fresno Tile Center Inc,http://www.fresnotilecenterinc.com
c2868a56-8e16-4c38-b1ce-8cf825f07f5b,Malcolm,Tromblay,Versatile Sash & Woodwork,http://www.versatilesashwoodwork.com
2ce81d9e-2bc4-4a7e-ba4a-2c0e75c8bb9c,Ryan,Harnos,Warner Electric Brk & Cltch Co,http://www.warnerelectricbrkcltchco.com
8eec39ed-65a3-4a8b-bd12-67de1a496191,Jess,Chaffins,New York Public Library,http://www.newyorkpubliclibrary.com
e94478b8-114a-4fe9-a241-41ee7e1e2799,Sharen,Bourbon,"Mccaleb, John A Esq",http://www.mccalebjohnaesq.com
aef9bd3a-735b-4f1c-a932-934e8aeecbdf,Nickolas,Juvera,United Oil Co Inc,http://www.unitedoilcoinc.com
54d495f0-2026-4a69-85f6-75e4ef97965c,Gary,Nunlee,Irving Foot Center,http://www.irvingfootcenter.com
65b8aa8f-a4dc-41e4-922f-1ff97e09de8f,Diane,Devreese,Acme Supply Co,http://www.acmesupplyco.com
b16ddd63-4a59-48e1-a31a-5cb6758fb184,Roslyn,Chavous,"Mcrae, James L",http://www.mcraejamesl.com
1800eb0f-148a-40b9-8e5e-4af171ac65da,Glory,Schieler,Mcgraths Seafood,http://www.mcgrathsseafood.com
fc3417b5-aca2-4330-9e23-5b2f255a45b3,Rasheeda,Sayaphon,"Kummerer, J Michael Esq",http://www.kummererjmichaelesq.com
bac7a4ba-8a13-461c-bfcd-98f738f91973,Alpha,Palaia,"Stoffer, James M Jr",http://www.stofferjamesmjr.com
1a0c6937-2de5-4bf7-98e7-fb4e68cde6e0,Refugia,Jacobos,North Central Fl Sfty Cncl,http://www.northcentralflsftycncl.com
a1da3e64-58e9-4c70-8bbd-9dfc8128b75b,Shawnda,Yori,Fiorucci Foods Usa Inc,http://www.fioruccifoodsusainc.com
9f4e5ea3-9d71-49ca-b683-66734bc69a69,Mona,Delasancha,Sign All,http://www.signall.com
f9eadc15-2853-4ddb-9704-bf51fb679214,Gilma,Liukko,Sammys Steak Den,http://www.sammyssteakden.com
3b35d4fa-e22e-44f7-b121-5e8d0f153746,Janey,Gabisi,"Dobscha, Stephen F Esq",http://www.dobschastephenfesq.com
0be9e07e-29fb-4bae-a4b4-0f6aaf616ea7,Lili,Paskin,Morgan Custom Homes,http://www.morgancustomhomes.com
c08bf3ec-b0d8-491a-80da-169cbf5db6fc,Loren,Asar,Olsen Payne & Company,http://www.olsenpaynecompany.com
c5dd1901-495e-4f9c-82bf-044289a6f8cc,Dorothy,Chesterfield,Cowan & Kelly,http://www.cowankelly.com
294cb35a-2e58-4545-a00e-ba59fd9d2ca2,Gail,Similton,"Johnson, Wes Esq",http://www.johnsonwesesq.com
4a7c4d2f-f708-4b74-8303-011f97abade3,Catalina,Tillotson,Icn Pharmaceuticals Inc,http://www.icnpharmaceuticalsinc.com
9df72960-6b2d-48d9-91b5-bcefec861b8c,Lawrence,Lorens,New England Sec Equip Co Inc,http://www.newenglandsecequipcoinc.com
f8c8389e-dc8f-4688-a77d-8d0cd202ca5b,Carlee,Boulter,"Tippett, Troy M Ii",http://www.tippetttroymii.com
afbb83cb-ae47-4308-b9e0-30728b7477b3,Thaddeus,Ankeny,Atc Contracting,http://www.atccontracting.com
6d806fa4-321d-4d02-95d4-65e8ac17186e,Jovita,Oles,"Pagano, Philip G Esq",http://www.paganophilipgesq.com
26cd7f21-836e-4243-9acd-42e9f96b7c90,Alesia,Hixenbaugh,Kwikprint,http://www.kwikprint.com
d086e063-bf97-4903-b258-353e247d67a6,Lai,Harabedian,Buergi & Madden Scale,http://www.buergimaddenscale.com
a36ea4e4-5f4c-43e8-b1f4-74508f74f095,Brittni,Gillaspie,Inner Label,http://www.innerlabel.com
57a3c57d-f9f6-4cec-a977-e4ec6ad9b29b,Raylene,Kampa,Hermar Inc,http://www.hermarinc.com
787e9600-f816-4ef9-b978-830cb0ba9e74,Flo,Bookamer,Simonton Howe & Schneider Pc,http://www.simontonhoweschneiderpc.com
c932d846-dc91-425b-89e4-c8a23e935cab,Jani,Biddy,Warehouse Office & Paper Prod,http://www.warehouseofficepaperprod.com
0f7f18b5-b136-4111-a878-445619d51ec6,Chauncey,Motley,Affiliated With Travelodge,http://www.affiliatedwithtravelodge.com
